id,symbol,name,current_price,market_cap,market_cap_rank,fully_diluted_valuation,total_volume,high_24h,low_24h,price_change_24h,price_change_percentage_24h,market_cap_change_24h,market_cap_change_percentage_24h,circulating_supply,total_supply,max_supply,ath,ath_change_percentage,atl,atl_change_percentage,volume_marketcap_ratio,high_low_range_pct,has_max_supply,circulating_supply_ratio,dist_ath_pct,label
bitcoin,btc,Bitcoin,61307.0,1230900112815,1,1230900112815,32771859834.0,64156.0,61349.0,-2579.3969066487844,-4.03747,-48180350557.85254,-3.7668,20039087.0,20039087.0,21000000.0,126080.0,-51.37438,67.81,90311.48265,0.026624304842293483,4.575461702717241,1,0.9542422380952381,-51.37438,baixa
ethereum,eth,Ethereum,1637.76,198134715933,2,198134715933,14929142442.0,1712.73,1638.58,-48.85644546515914,-2.89671,-5204305280.101257,-2.55942,120684430.4973158,120684430.4973158,,4946.05,-66.88741,0.432979,378155.15036,0.0753484434653458,4.525259676060985,0,0.0,-66.88741,lateral
tether,usdt,Tether,0.999422,186835136112,3,192298592699,54912789493.0,0.999628,0.99931,2.599e-05,0.0026,-21162167.648529053,-0.01133,186954314858.4442,192421256485.6962,,1.32,-24.46863,0.572521,74.55289,0.2939103994876105,0.03182195715042674,0,0.0,-24.46863,alta
binancecoin,bnb,BNB,585.57,79139581243,4,79139580755,689193872.0,609.6,586.42,-15.821029963266028,-2.63074,-1841897822.930756,-2.27447,134783991.86,134783991.03,200000000.0,1369.99,-57.2574,0.0398177,1470527.44509,0.008708586287357442,3.95279833566387,1,0.6739199593,-57.2574,lateral
usd-coin,usdc,USDC,0.999873,75839127921,5,75816454153,13535726849.0,1.0,0.999444,-6.2576501655753e-05,-0.00626,205933989.0,0.27228,75853701571.01091,75815056388.99588,,1.043,-4.20178,0.877647,13.89784,0.17847946330685496,0.05563093079752352,0,0.0,-4.20178,alta
ripple,xrp,XRP,1.14,70584006892,6,113729965726,1996621795.0,1.18,1.14,-0.030300978234006,-2.59857,-1813745515.713852,-2.50525,62053900985.0,99985653167.0,100000000000.0,3.65,-68.85233,0.00268621,42181.25477,0.028287169897495537,3.5087719298245648,1,0.62053900985,-68.85233,lateral
solana,sol,Solana,64.63,37448524121,7,40593348336,3098733847.0,67.92,64.69,-2.2208062098400774,-3.32184,-1301050180.354416,-3.35759,579389818.4639589,628045384.303968,,293.31,-77.96411,0.500801,12806.09743,0.08274648787192988,4.993043747101568,0,0.0,-77.96411,baixa
tron,trx,TRON,0.32143,30478871493,8,30478869399,511352579.0,0.327531,0.320761,-0.0049507600687649,-1.51687,-470394786.1945801,-1.51989,94824371415.51286,94824364900.97797,,0.431288,-25.47221,0.00180434,17714.23722,0.016777280586567682,2.110605715782155,0,0.0,-25.47221,lateral
figure-heloc,figr_heloc,Figure Heloc,1.027,19150986335,9,19150986335,18860990.0,1.033,1.005,0.0222943,2.21834,503714238.0,2.70128,18642161584.327,18642161584.327,,1.049,-2.08025,0.155357,561.24922,0.0009848573681831725,2.7860696517412964,0,0.0,-2.08025,alta
hyperliquid,hype,Hyperliquid,59.58,13256549921,10,56931085595,889459661.0,65.57,59.57,-5.067835067219477,-7.83906,-1065983227.501236,-7.4427,222445714.0741414,955307079.4341414,1000000000.0,75.48,-21.06423,3.81,1464.31506,0.06709586327517893,10.07218398522745,1,0.2224457140741414,-21.06423,baixa
dogecoin,doge,Dogecoin,0.084658,13096892237,11,13096952389,655852634.0,0.087396,0.084662,-0.0018266119844802,-2.11206,-259636250.04548076,-1.94389,154588916383.7052,154589626383.7052,,0.731578,-88.42802,8.69e-05,97315.8785,0.05007696651478526,3.2293118518343538,0,0.0,-88.42802,lateral
usds,usds,USDS,0.999788,10615095070,12,10608592956,130158980.0,0.999926,0.999366,1.03e-06,0.0001,-42764057.4981575,-0.40124,10617342651.63093,10610839160.61771,,1.15,-13.22654,0.948265,5.42485,0.012261687638375526,0.056035526523816596,0,0.0,-13.22654,alta
leo-token,leo,LEO Token,9.42,8670481279,13,9280945841,1688532.0,9.55,9.35,-0.1140455397117374,-1.19614,-105391294.1790123,-1.20092,920434276.9,985239504.0,,10.57,-10.67953,0.799859,1080.31242,0.00019474489888925115,2.1390374331550914,0,0.0,-10.67953,lateral
rain,rain,Rain,0.01270505,7911573247,14,14610309970,47251942.0,0.01341005,0.01270343,-0.0005865371710616,-4.41284,-362979422.6188822,-4.3867,622659833744.8651,1149866517330.697,1150000000000.0,0.01478538,-14.05067,0.00222126,472.10518,0.005972508946677265,5.5624347125146505,1,0.541443333691187,-14.05067,baixa
zcash,zec,Zcash,460.76,7725016374,15,7725234618,928085900.0,478.74,435.99,24.77,5.68235,485224864.0,6.70219,16757865.7905448,16758365.7905448,21000000.0,3191.93,-85.56484,16.08,2765.39953,0.12014031492847681,9.805270763090897,1,0.7979936090735619,-85.56484,alta
stellar,xlm,Stellar,0.198116,6715224318,16,9952048128,355933253.0,0.206879,0.195644,-0.0023389709286658,-1.16683,-51637450.33862591,-0.76309,33739106827.26846,50001786839.91258,,0.875563,-77.3063,0.00047612,41632.38142,0.05300392602610896,5.742573245282244,0,0.0,-77.3063,lateral
canton-network,cc,Canton,0.165582,6420877103,17,6420877103,25214739.0,0.168374,0.153788,0.00921475,5.89302,375390090.0,6.20943,38758343453.0096,38758343453.0096,,0.194152,-14.67386,0.059024,180.66884,0.003926992931887611,9.484485135381165,0,0.0,-14.67386,alta
cardano,ada,Cardano,0.165204,6154008246,18,7451046541,467514415.0,0.173821,0.165416,-0.0020788316837543,-1.2427,-63063374.57701778,-1.01436,37166640890.7697,45000000000.0,45000000000.0,3.09,-94.64823,0.01925275,758.08142,0.07596909141353139,5.081128790443485,1,0.8259253531282156,-94.64823,lateral
monero,xmr,Monero,319.19,6012184353,19,6012184353,115058767.0,328.42,310.29,2.53,0.7994,111918760.0,1.89684,18762733.38098586,18762733.38098586,,797.73,-59.98816,0.216177,147551.63412,0.019137597958483625,5.842921138289985,0,0.0,-59.98816,alta
chainlink,link,Chainlink,7.77,5652356293,20,7773836505,280691269.0,8.12,7.77,-0.2387384658705782,-2.98063,-170263597.3537283,-2.92418,727099970.4255477,1000000000.0,1000000000.0,52.7,-85.25342,0.148183,5144.14669,0.049659160613709744,4.5045045045045,1,0.7270999704255477,-85.25342,baixa
whitebit,wbt,WhiteBIT Coin,43.73,5179420106,21,12881377462,105165877.0,45.62,43.73,-1.7010000000000003,-3.74389,-196242131.1899996,-3.65057,118289410.0,294189409.0,400000000.0,64.11,-31.69726,3.06,1330.1227,0.020304565925859653,4.3219757603475895,1,0.295723525,-31.69726,baixa
the-open-network,ton,Toncoin,1.71,4584233802,22,8900986628,164435346.0,1.81,1.68,-0.0133364535614248,-0.77425,-13058956.778832436,-0.28406,2675190699.096503,5194289311.67906,,8.25,-79.22356,0.519364,230.17431,0.03586975558014962,7.738095238095245,0,0.0,-79.22356,lateral
usd1-wlfi,usd1,USD1,0.998769,4560341023,23,4560341023,899766605.0,0.999519,0.998056,-0.0002123824885477,-0.02126,-60903624.17950153,-1.31791,4565079788.108895,4565079788.108895,,1.025,-2.53446,0.989633,0.9316,0.19730248252532934,0.146584961164503,0,0.0,-2.53446,alta
ethena-usde,usde,Ethena USDe,0.999111,4485687532,24,4484187803,70429855.0,0.999533,0.998891,-0.0002016818558503,-0.02018,-1303139.6967935562,-0.02904,4490121828.44166,4488620616.229659,,1.034,-3.39625,0.929486,7.46862,0.015701016733235977,0.06427127684602539,0,0.0,-3.39625,alta
dai,dai,Dai,0.999732,4229827694,25,4213403606,163704058.0,0.999902,0.999498,-6.2060111401085e-05,-0.00621,1413973.0,0.03344,4230962335.145175,4214533841.661108,,1.22,-17.9831,0.88196,13.35312,0.038702299441703926,0.04042029098607101,0,0.0,-17.9831,alta
bitcoin-cash,bch,Bitcoin Cash,202.93,4071075383,26,4071076652,226115850.0,213.64,202.77,-3.4887870335951163,-1.69018,-76474786.12229109,-1.84385,20045584.27165078,20045590.52165078,21000000.0,3785.82,-94.63984,76.93,163.76366,0.05554204447901278,5.360753563150356,1,0.9545516319833705,-94.63984,lateral
memecore,m,MemeCore,2.93,3845615645,27,15777567139,5139726.0,3.24,2.93,-0.2111251199346262,-6.71617,-291146210.26221466,-7.03802,1310878360.613031,5378195133.139394,10000000000.0,4.82,-39.18253,0.04746135,6073.64232,0.0013365157817273234,10.580204778156997,1,0.1310878360613031,-39.18253,baixa
hedera-hashgraph,hbar,Hedera,0.079481,3448601412,28,3975468925,48494170.0,0.083081,0.079509,-0.0028864514090899,-3.50435,-120835649.64700983,-3.38529,43373517400.21111,50000000000.0,50000000000.0,0.569229,-86.02648,0.00986111,706.61626,0.01406198171561846,4.492573167817487,1,0.8674703480042223,-86.02648,baixa
litecoin,ltc,Litecoin,42.24,3266469747,29,3266518896,275008111.0,43.77,42.21,-0.8868719214005836,-2.05658,-66679073.266377926,-2.00048,77260458.23347135,77261620.73347135,84000000.0,410.26,-89.70785,1.15,3575.39947,0.0841912316048767,3.6958066808813133,1,0.919767359922278,-89.70785,lateral
lab,lab,LAB,10.45,3265402951,30,10447856966,27856243.0,13.06,10.09,-2.4022597967100534,-18.69446,-749697568.4701385,-18.67195,312542846.0,1000000000.0,1000000000.0,27.3,-61.78053,0.074235,13955.71522,0.008530721450922091,29.435084241823596,1,0.312542846,-61.78053,baixa
sui,sui,Sui,0.738147,2981297597,31,7399235396,397312422.0,0.771223,0.733137,-0.0237100121102372,-3.11213,-81815800.0042448,-2.671,4029196852.454399,10000000000.0,10000000000.0,5.35,-86.19399,0.364846,102.31737,0.13326828639978944,5.194936280667863,1,0.4029196852454399,-86.19399,baixa
avalanche-2,avax,Avalanche,6.56,2831407683,33,3039082430,193262343.0,6.87,6.56,-0.2237730951416852,-3.2998,-92096568.30406187,-3.15021,431771961.1772119,463441061.1772119,720000000.0,144.96,-95.47056,2.8,134.40823,0.06825662872936408,4.725609756097569,1,0.5996832794127943,-95.47056,baixa
paypal-usd,pyusd,PayPal USD,0.999571,2793305103,34,2793305103,163040965.0,1.0,0.999411,-0.00032619169363,-0.03262,-59185058.90735149,-2.07486,2794194297.98841,2794194297.98841,,1.081,-7.50686,0.959426,4.19863,0.05836847712227875,0.05893471254568447,0,0.0,-7.50686,alta
shiba-inu,shib,Shiba Inu,4.63e-06,2730533338,35,2731722651,57274460.0,4.79e-06,4.63e-06,-1.25576493225e-07,-2.63841,-70309837.47607946,-2.51031,589243206269046.6,589499857473013.9,,8.616e-05,-94.6216,5.6366e-11,8221048.18394,0.020975557852720126,3.455723542116634,0,0.0,-94.6216,lateral
near,near,NEAR Protocol,2.09,2717539630,36,2717539616,488594103.0,2.26,2.05,-0.047902734873281,-2.23647,-48614399.84899092,-1.75747,1297765505.0,1297765498.0,,20.44,-89.74421,0.526762,297.91968,0.17979281612169165,10.24390243902439,0,0.0,-89.74421,lateral
crypto-com-chain,cro,Cronos,0.060008,2690608058,37,5923385202,9643748.0,0.062429,0.060014,-0.001912503777155,-3.08865,-85651601.97317266,-3.08514,44832706009.42165,98699394948.6157,100000000000.0,0.891544,-93.25016,0.0121196,396.53282,0.0035842262388705,4.024061052421103,1,0.4483270600942165,-93.25016,baixa
tether-gold,xaut,Tether Gold,4275.01,2619824671,38,3025622879,174993370.0,4324.56,4281.16,-24.32687280877235,-0.56583,-15962417.605086803,-0.6056,612823.659532,707747.089,,5504.62,-22.10884,1447.84,196.13807,0.06679583253684078,1.013743938558721,0,0.0,-22.10884,lateral
global-dollar,usdg,Global Dollar,0.999946,2600004330,39,2600004330,72780162.0,1.0,0.999665,-8.00675163658e-05,-0.00801,52488262.0,2.06037,2600300826.088955,2600300826.088955,,1.65,-39.56859,0.907561,10.16858,0.02799232338201529,0.03351122626079479,0,0.0,-39.56859,alta
blackrock-usd-institutional-digital-liquidity-fund,buidl,BlackRock USD Institutional Digital Liquidity Fund,1.0,2472906320,40,2472906320,0.0,1.0,1.0,0.0,0.0,65680129.0,2.72846,2472906319.600449,2472906319.600449,,1.0,0.0,1.0,0.0,0.0,0.0,0,0.0,0.0,alta
ondo-us-dollar-yield,usdy,Ondo US Dollar Yield,1.13,2146346608,41,2146346608,1114193.0,1.14,1.11,0.00057716,0.05089,35189154.0,1.66682,1891693376.032039,1891693376.032039,,1.26,-10.17054,0.934184,21.45227,0.0005191114034644305,2.702702702702685,0,0.0,-10.17054,alta
bittensor,tao,Bittensor,210.57,2023388543,42,4427319535,139696989.0,219.2,210.23,-4.180168374590551,-1.94651,-34088980.364485025,-1.65683,9597491.0,21000000.0,21000000.0,757.6,-72.17905,30.83,583.66229,0.06904110902638436,4.266755458307568,1,0.45702338095238093,-72.17905,lateral
pax-gold,paxg,PAX Gold,4288.36,1960738229,43,1960738229,117290974.0,4337.18,4291.99,-25.99103447502148,-0.60243,-27619678.45281053,-1.38907,456894.511,456894.511,,5619.09,-23.51584,1399.64,207.05822,0.059819802697384954,1.0528915491415523,0,0.0,-23.51584,lateral
worldcoin-wld,wld,Worldcoin,0.521296,1772828355,44,5231293035,701790495.0,0.568503,0.471849,0.0494474,10.4795,181860490.0,11.43081,3388891317.877847,10000000000.0,10000000000.0,11.74,-95.5565,0.230306,126.5221,0.39585924549362256,20.48409554751625,1,0.33888913178778474,-95.5565,alta
mantle,mnt,Mantle,0.529757,1751652317,45,3298942920,59081692.0,0.553348,0.529822,-0.018102004627849,-3.30414,-56801535.99015617,-3.14089,3302294382.53684,6219316794.889999,6219316794.89,2.86,-81.41987,0.307978,72.24415,0.03372912045764159,4.440359214981624,1,0.5309738177753087,-81.41987,baixa
world-liberty-financial,wlfi,World Liberty Financial,0.054969,1746085924,46,5495388125,28760152.0,0.058403,0.054515,-0.0011318716477784,-2.01755,-36452605.45766425,-2.04498,31773659741.0,100000000000.0,100000000000.0,0.331336,-83.4098,0.051632,6.46287,0.0164712123296402,7.131982023296332,1,0.31773659741,-83.4098,lateral
ondo-finance,ondo,Ondo,0.357621,1743128114,47,3579810533,143312760.0,0.377551,0.352561,-0.0077617292476379,-2.12428,-26886242.665254597,-1.51898,4869330647.0,10000000000.0,10000000000.0,2.14,-83.28997,0.082171,335.21532,0.08221585025734947,7.088135102861635,1,0.4869330647,-83.28997,lateral
ripple-usd,rlusd,Ripple USD,0.999941,1670726745,48,1670726745,122266340.0,1.0,0.999685,0.00011212,0.01121,-9317026.675156357,-0.55457,1670825515.43621,1670825515.436209,,1.073,-6.79502,0.962292,3.91024,0.0731815303525293,0.03150992562656779,0,0.0,-6.79502,alta
aster-2,aster,Aster,0.616437,1650461869,49,4822196033,106735943.0,0.638975,0.615112,-0.0188459853172985,-2.96655,13395168.0,0.81824,2677260279.249776,7822218820.515041,8000000000.0,2.41,-74.40829,0.099713,518.208,0.06467034774009675,3.879456099051875,1,0.33465753490622197,-74.40829,baixa
polkadot,dot,Polkadot,0.949035,1601726174,50,1601727606,86011955.0,0.991618,0.950737,-0.0281782266433545,-2.88353,-51303565.800981045,-3.10361,1687742756.120155,1687744264.679009,2100000000.0,54.98,-98.27086,0.892875,6.47199,0.05369953765892571,4.299927319542623,1,0.8036870267238834,-98.27086,lateral
htx-dao,htx,HTX DAO,1.72e-06,1553594956,51,1553594956,53006324.0,1.76e-06,1.72e-06,-3.7882596759e-08,-2.16088,-34206301.7967608,-2.15432,905707664073577.8,905707664073577.8,999990000000000.0,3.75e-06,-54.17992,8.00816e-07,114.64838,0.03411849645577763,2.3255813953488396,1,0.9057167212407902,-54.17992,lateral
uniswap,uni,Uniswap,2.47,1536722965,52,2208595293,129320889.0,2.6,2.46,-0.0857867627583224,-3.35802,-56326798.4219408,-3.53578,622433561.5538775,894568420.0329479,1000000000.0,44.92,-94.50097,1.03,139.77153,0.08415367762789958,5.691056910569111,1,0.6224335615538775,-94.50097,baixa
okb,okb,OKB,71.08,1492766795,53,1492766795,13213232.0,74.29,71.06,-1.777083636232831,-2.43922,-37393991.39407873,-2.44379,21000000.0,21000000.0,21000000.0,228.74,-68.88336,0.580608,12158.87856,0.008851504497726988,4.545454545454551,1,1.0,-68.88336,lateral
falcon-finance,usdf,Falcon USD,0.994817,1459205866,54,1459205866,1411103.0,0.996318,0.994609,-0.0010728413881895,-0.10773,-1515172.9761826992,-0.10373,1466852758.368215,1466852758.368215,,1.075,-7.42589,0.943422,5.44429,0.000967034900886288,0.17182631566777212,0,0.0,-7.42589,alta
pi-network,pi,Pi Network,0.127716,1366609352,55,2102475926,9020243.0,0.130616,0.127504,-0.001698316394214,-1.31231,-15702813.788954971,-1.13598,10691997303.67658,16449226621.04089,100000000000.0,2.99,-95.72343,0.118869,7.48607,0.0066004546118458,2.440707742502199,1,0.1069199730367658,-95.72343,lateral
audiera,beat,Audiera,4.65,1355020720,56,4704660807,55037227.0,4.78,3.41,0.451538,10.76051,139269488.0,11.45543,288016666.0,1000000000.0,1000000000.0,4.91,-4.10716,0.067925,6826.30379,0.0406172586054625,40.17595307917889,1,0.288016666,-4.10716,alta
usdd,usdd,USDD,0.999394,1344349911,57,1354585521,32631162.0,1.0,0.999213,-0.0002042861275256,-0.02044,-17307858.192522764,-1.27109,1345154316.0,1355396050.0,,1.052,-4.96766,0.928067,7.70433,0.02427281895360649,0.07876198568273052,0,0.0,-4.96766,alta
bfusd,bfusd,BFUSD,0.9989,1318548430,58,1318548430,2888422.0,0.999199,0.998601,0.00019959,0.01999,263456.0,0.01998,1320000000.0,1320000000.0,,1.007,-0.7969,0.997035,0.18711,0.0021906074394248834,0.05988377740458776,0,0.0,-0.7969,alta
sky,sky,Sky,0.055658,1295345584,59,1305874796,8688998.0,0.058948,0.055661,-0.0025639873382863,-4.40385,-59435036.04049492,-4.38706,23273486685.85808,23462665147.36596,23462665147.3,0.100535,-44.56172,0.03582727,55.56585,0.006707860903936196,5.905391566806198,1,0.9919370429465603,-44.56172,baixa
internet-computer,icp,Internet Computer,2.28,1260929711,60,1260929711,45301028.0,2.4,2.26,-0.0991371288892559,-4.1723,-51290650.63769436,-3.90869,553414679.5616673,553414679.5616673,,700.65,-99.67488,2.02,12.85253,0.03592668774857665,6.194690265486732,0,0.0,-99.67488,baixa
bitget-token,bgb,Bitget Token,1.8,1259827507,61,1644869813,14507718.0,1.84,1.8,-0.0308034523876672,-1.68272,-21652057.43248725,-1.68961,699992029.6481038,913931274.6481038,2000000000.0,8.45,-78.71031,0.0142795,12498.81118,0.011515638386517623,2.222222222222224,1,0.3499960148240519,-78.71031,lateral
morpho,morpho,Morpho,1.82,1176894098,62,1821302629,32451363.0,1.97,1.75,-0.1057602782328812,-5.50065,-57606754.77206564,-4.6664,646182616.538719,1000000000.0,1000000000.0,4.17,-56.28555,0.713151,155.64811,0.027573732466793288,12.57142857142857,1,0.6461826165387191,-56.28555,baixa
pepe,pepe,Pepe,2.74e-06,1154649921,63,1154649921,164758294.0,2.86e-06,2.74e-06,-9.0469477123e-08,-3.19407,-33338945.259473085,-2.80633,420690000000000.0,420690000000000.0,420690000000000.0,2.803e-05,-90.21718,5.5142e-08,4872.48668,0.14269112308716816,4.379562043795625,1,1.0,-90.21718,baixa
ethereum-classic,etc,Ethereum Classic,6.94,1087535745,64,1087535745,31277840.0,7.2,6.94,-0.2081147550940363,-2.91134,-32213174.289998293,-2.87682,156559601.6228963,156559601.6228963,210700000.0,167.09,-95.84331,0.615038,1029.23559,0.02876028686303088,3.7463976945244926,1,0.7430450955049659,-95.84331,lateral
usdtb,usdtb,USDtb,0.999672,1008935691,66,1008935691,1994132.0,1.003,0.999499,-0.0027260923184737,-0.27196,-1277038.115101576,-0.12641,1009078381.546182,1009078381.546182,,1.057,-5.4124,0.900502,11.02763,0.001976470867061437,0.35027548801948427,0,0.0,-5.4124,alta
dexe,dexe,DeXe,21.58,1008928323,65,2082675353,21492214.0,23.24,21.36,-1.662857745666333,-7.15394,-79620659.08349705,-7.31438,46750552.58384035,96504599.33609451,,32.38,-33.40358,0.671563,3111.09827,0.021302022661128128,8.80149812734082,0,0.0,-33.40358,baixa
united-stables,u,United Stables,0.999795,999563551,67,999563551,4798146.0,1.0,0.999603,-0.0003032958332022,-0.03033,-195882.86416971684,-0.01959,999858683.01,999858683.01,,1.008,-0.80118,0.968158,3.25842,0.004800241060410575,0.03971576715956041,0,0.0,-0.80118,alta
eutbl,eutbl,Spiko EU T-Bills Money Market Fund,1.22,984368057,68,984368057,0.0,1.22,1.21,0.00292754,0.24104,-18563382.9238106,-1.85091,808547209.23172,808547209.23172,,1.26,-3.41127,1.011,20.48235,0.0,0.8264462809917362,0,0.0,-3.41127,alta
blockchain-capital,bcap,Blockchain Capital,106.96,974631393,69,974631393,0.0,107.06,106.96,-0.1000000000000085,-0.09341,-911211.1000000238,-0.09341,9112111.0,9112111.0,,107.16,-0.18664,17.76,502.25225,0.0,0.09349289454002294,0,0.0,-0.18664,alta
quant-network,qnt,Quant,65.01,945888616,70,950331639,14675260.0,68.81,65.04,-3.545623660167877,-5.17205,-50883980.795139074,-5.10487,14544176.164081177,14612493.0,14612493.0,427.42,-84.77321,0.215773,30062.54122,0.01551478657398283,5.796432964329637,1,0.9953247651910716,-84.77321,baixa
superstate-short-duration-us-government-securities-fund-ustb,ustb,Invesco Short Duration US Government Securities Fund,11.11,926929309,71,926729318,0.0,11.11,11.11,0.002986,0.02689,-32873196.33767259,-3.425,83441496.769895,83423493.769895,,11.11,0.0,10.29,7.94867,0.0,0.0,0,0.0,0.0,alta
aave,aave,Aave,60.83,923362457,72,973246712,135791636.0,65.01,60.87,-3.5386421374148043,-5.49769,-54333269.367767215,-5.55728,15179911.874935385,16000000.0,16000000.0,661.69,-90.80125,26.02,133.89637,0.1470621151754278,6.80137999014294,1,0.9487444921834616,-90.80125,baixa
cosmos,atom,Cosmos Hub,1.74,891305583,73,891309937,28769640.0,1.8,1.73,-0.0252509730134886,-1.43368,-12072941.231882334,-1.33642,513136604.170564,513139111.013632,,43.84,-96.04344,1.16,49.54115,0.03227808795179509,4.046242774566478,0,0.0,-96.04344,lateral
janus-henderson-anemoy-treasury-fund,jtrsy,Janus Henderson Anemoy Treasury Fund,1.11,865742914,74,865742914,0.0,1.11,1.11,0.000102,0.00922,79850.0,0.00922,782845097.991187,782845097.991187,,1.11,0.0,1.085,1.94714,0.0,0.0,0,0.0,0.0,alta
siren-2,siren,Siren,1.15,856714369,75,856714369,29829505.0,1.3,1.14,-0.0336368296048386,-2.84542,-8575011.215937376,-0.991,725866269.3959075,725866269.3959075,1000000000.0,3.61,-68.22223,0.02634736,4248.1398,0.03481849503098506,14.035087719298259,1,0.7258662693959075,-68.22223,lateral
kucoin-shares,kcs,KuCoin,6.31,849899704,76,897237320,2803351.0,6.57,6.31,-0.1924891785712432,-2.96039,-24420730.95816493,-2.79311,134655021.7355671,142155021.7355671,,28.83,-78.07476,0.342863,1743.59973,0.003298449201483661,4.120443740095099,0,0.0,-78.07476,lateral
kaspa,kas,Kaspa,0.03084602,847905746,77,847973367,17377147.0,0.03284535,0.03079987,-0.0017671582312731,-5.41854,-46314389.490444064,-5.17931,27495108539.94101,27497301304.63212,28704026601.0,0.207411,-85.06512,0.00017105,18009.71132,0.020494196533018896,6.641196862194556,1,0.9578833284311103,-85.06512,baixa
render-token,render,Render,1.6,830996230,78,854641160,64424403.0,1.69,1.59,-0.0802889714426096,-4.77277,-39053006.78170359,-4.4886,518743261.0140742,533503434.2940742,644245094.0,13.53,-88.13323,0.03665669,4281.54859,0.07752670911635784,6.28930817610062,1,0.8051955161866925,-88.13323,baixa
algorand,algo,Algorand,0.089738,800501795,79,800537628,35403421.0,0.095751,0.089466,-0.0051688648529234,-5.44628,-44728086.15826142,-5.29183,8923788457.65998,8924187913.583918,10000000000.0,3.56,-97.48797,0.080092,11.69266,0.04422653543206608,7.025015089531217,1,0.8923788457659981,-97.48797,baixa
polygon-ecosystem-token,pol,POL (ex-MATIC),0.07472,796717490,80,796717490,38124975.0,0.081075,0.074692,-0.0058799765643758,-7.29529,-62134377.9484098,-7.23459,10657867862.48541,10657867862.48541,,1.29,-94.19786,0.071288,4.79478,0.047852564401466825,8.545761259572645,0,0.0,-94.19786,baixa
nexo,nexo,NEXO,0.76159,762040252,81,762040252,10253221.0,0.797446,0.762611,-0.027272272734367,-3.45717,-27061267.21356857,-3.42938,1000000000.0,1000000000.0,1000000000.0,4.07,-81.20926,0.04515276,1592.92389,0.013454959856897429,4.567859629614567,1,1.0,-81.20926,baixa
ethena,ena,Ethena,0.081495,757534228,82,1222651075,209969937.0,0.090237,0.079971,-0.0061733649445786,-7.0417,-55417439.66223621,-6.81682,9293750000.0,15000000000.0,15000000000.0,1.52,-94.61743,0.076868,6.27482,0.27717551133544294,12.837153468132195,1,0.6195833333333334,-94.61743,baixa
venice-token,vvv,Venice Token,15.89,744549085,83,1275788308,59841212.0,18.23,15.39,-2.162997270992923,-11.9819,-95555659.20511758,-11.37426,46840264.45182644,80261010.22391464,,22.58,-29.69347,0.91975,1626.41364,0.08037242030859523,18.453541260558804,0,0.0,-29.69347,baixa
stable-2,stable,​​Stable,0.03135718,735029233,84,3135773222,21132716.0,0.03498256,0.03067997,-0.0015186109022428,-4.61924,-35146463.211809635,-4.56343,23440127229.0,100000000000.0,100000000000.0,0.04267238,-26.35627,0.0092214,240.78929,0.028750851056287174,14.024101066591662,1,0.23440127229,-26.35627,baixa
just,jst,JUST,0.08104,692389214,85,692389214,22849246.0,0.083775,0.079068,0.00151106,1.9,13109726.0,1.92995,8543764567.312736,8543764567.312736,9900000000.0,0.193254,-58.06879,0.00476275,1601.40905,0.033000580508754145,5.953103657611174,1,0.8630065219507814,-58.06879,alta
bianrensheng,币安人生,币安人生 (BinanceLife),0.690535,690515157,86,690515157,37677297.0,0.749329,0.671137,-0.0242682000252425,-3.39509,-31478420.725928187,-4.35993,1000000000.0,1000000000.0,1000000000.0,0.895319,-22.68455,0.03843448,1701.03913,0.0545640405109891,11.650676389470412,1,1.0,-22.68455,baixa
janus-henderson-anemoy-aaa-clo-fund,jaaa,Janus Henderson Anemoy AAA CLO Fund,1.037,684219288,87,684219288,0.0,1.037,1.037,6.7e-05,0.00646,250114334.0,57.6161,659661413.338319,659661413.338319,,1.037,0.0,1.009,2.74803,0.0,0.0,0,0.0,0.0,alta
gatechain-token,gt,Gate,6.28,668649289,88,761717678,1447205.0,6.47,6.28,-0.0773091355529187,-1.21685,-10965551.863279223,-1.6135,106483509.17747104,121304804.66747102,142622844.0,25.38,-75.25357,0.25754,2338.86693,0.002164370805156124,3.0254777070063614,1,0.7466090718080972,-75.25357,lateral
xdce-crowd-sale,xdc,XDC Network,0.03169505,632060414,89,1206205912,19661692.0,0.03180037,0.03060363,0.00034549,1.10207,6679358.0,1.06805,19946688440.0,38065686425.1,,0.192754,-83.56396,0.00039532,7914.09058,0.03110729855010347,3.910451145828131,0,0.0,-83.56396,alta
beldex,bdx,Beldex,0.078469,607078305,90,779641991,10761667.0,0.079532,0.078116,-0.0005409557494774,-0.68467,-4406930.647373199,-0.72069,7738254347.861193,9937874540.168692,,0.450785,-82.60074,0.00027519,28401.94049,0.017726983341959487,1.8126888217522663,0,0.0,-82.60074,lateral
flare-networks,flr,Flare,0.00700276,598689068,91,742138746,2688500.0,0.00736028,0.00700387,-0.0001384638074114,-1.93894,-11210425.140922546,-1.83808,85472633859.75764,105952416206.2886,,0.150073,-95.33186,0.0064918,7.91482,0.004490644883463949,5.088758072322881,0,0.0,-95.33186,lateral
filecoin,fil,Filecoin,0.755407,595470192,92,1478870710,75134779.0,0.791241,0.755843,-0.0239773371818833,-3.07645,-17653027.049857616,-2.8792,788277716.0,1957714828.0,,236.84,-99.6807,0.677565,11.60926,0.12617722937170966,4.683247711495632,0,0.0,-99.6807,baixa
gho,gho,GHO,0.999261,583521804,93,583521804,5929822.0,0.999581,0.998586,-0.0002789587405236,-0.02791,-131233.49613583088,-0.02248,584000000.0,584000000.0,,1.03,-2.97462,0.917065,8.95716,0.010162125835489774,0.09964089222160928,0,0.0,-2.97462,alta
hash-2,hash,Provenance Blockchain,0.01069564,577223034,94,1015856034,31479.0,0.01215131,0.0097752,0.00064252,6.39127,34857496.0,6.42694,53968044573.0,94978475357.64638,100000000000.0,0.060147,-82.21748,0.00868929,23.09002,5.453524572964287e-05,24.307533349701295,1,0.53968044573,-82.21748,alta
injective-protocol,inj,Injective,5.65,564687479,95,564687479,105339363.0,5.87,5.45,0.02842621,0.50594,3883484.0,0.69249,100000000.0,100000000.0,,52.62,-89.2652,0.657401,759.25117,0.1865445346628626,7.706422018348623,0,0.0,-89.2652,alta
usual-usd,usd0,Usual USD,0.99889,552614111,96,552614111,1259005.0,1.0,0.998334,-0.0009050167017837,-0.09052,-648184.2953072786,-0.11716,553278123.4464132,553278123.4464132,,1.33,-24.65839,0.962885,3.73031,0.002278271536935111,0.16687801877928082,0,0.0,-24.65839,alta
aptos,apt,Aptos,0.656958,539390780,97,791692222,63782714.0,0.69067,0.63981,-0.0183425834765101,-2.71621,-14215675.839374425,-2.56783,820261032.8828526,1203940267.14818,2100000000.0,19.92,-96.70164,0.619477,6.06605,0.11824954442120794,7.9492349291195845,1,0.3906004918489774,-96.70164,lateral
pump-fun,pump,Pump.fun,0.00151647,531287615,99,1307078491,53895905.0,0.00165926,0.00151763,-9.0028819390682e-05,-5.60405,-30752787.838810265,-5.47163,349581365850.5451,860043169521.7677,1000000000000.0,0.00881908,-82.80471,0.00131641,15.19756,0.10144393258630732,9.332314200430936,1,0.3495813658505451,-82.80471,baixa
ylds,ylds,YLDS,0.999711,530721768,98,530721768,31185537.0,1.0,0.999508,9.853e-05,0.00986,-631432.8067320585,-0.11883,530875291.54,530875291.54,,1.001,-0.13735,0.999202,0.05086,0.05876061409261811,0.049224218315415985,0,0.0,-0.13735,alta
a7a5,a7a5,A7A5,0.01308165,512956229,100,512956229,2425.22,0.01318762,0.01292819,-0.0001053101005936,-0.79859,-4099273.4922644496,-0.79281,39213792808.86073,39213792808.86073,,0.229635,-94.30372,1.048e-05,124744.02021,4.72792777022696e-06,2.0067000871738405,0,0.0,-94.30372,lateral
