id,symbol,name,image,current_price,market_cap,market_cap_rank,fully_diluted_valuation,total_volume,high_24h,low_24h,price_change_24h,price_change_percentage_24h,market_cap_change_24h,market_cap_change_percentage_24h,circulating_supply,total_supply,max_supply,ath,ath_change_percentage,ath_date,atl,atl_change_percentage,atl_date,roi,last_updated
bitcoin,btc,Bitcoin,https://coin-images.coingecko.com/coins/images/1/large/bitcoin.png?1696501400,64448.0,1291787282026,1,1291788893344,17320642277.0,64633.0,63472.0,970.41,1.52874,19795132600.0,1.55623,20042393.0,20042418.0,21000000.0,126080.0,-48.88333,2025-10-06T18:57:42.558Z,67.81,94943.1995,2013-07-06T00:00:00.000Z,,2026-06-14T03:46:27.891Z
ethereum,eth,Ethereum,https://coin-images.coingecko.com/coins/images/279/large/ethereum.png?1696501628,1679.35,202716226018,2,202716226018,5176074972.0,1688.12,1662.23,14.72,0.88424,1867748844.0,0.92993,120684209.1147544,120684209.1147544,,4946.05,-66.04661,2025-08-24T19:21:03.333Z,0.432979,387759.88204,2015-10-20T00:00:00.000Z,"{'times': 33.83946524947932, 'currency': 'btc', 'percentage': 3383.9465249479317}",2026-06-14T03:46:27.918Z
tether,usdt,Tether,https://coin-images.coingecko.com/coins/images/325/large/Tether.png?1696501661,0.999533,186489505087,3,191953893614,30062652869.0,0.999596,0.999343,3.516e-05,0.00352,-661649.6070251465,-0.00035,186576637808.0025,192043579438.5862,,1.32,-24.45222,2018-07-24T00:00:00.000Z,0.572521,74.59082,2015-03-02T00:00:00.000Z,,2026-06-14T03:46:28.058Z
binancecoin,bnb,BNB,https://coin-images.coingecko.com/coins/images/825/large/bnb-icon2_2x.png?1696501970,608.93,82099707030,4,82099706025,417475051.0,610.44,599.54,8.49,1.41471,1082098307.0,1.33563,134783746.7,134783745.05,200000000.0,1369.99,-55.55203,2025-10-13T08:41:24.131Z,0.0398177,1529203.5178,2017-10-19T00:00:00.000Z,,2026-06-14T03:46:28.152Z
usd-coin,usdc,USDC,https://coin-images.coingecko.com/coins/images/6319/large/USDC.png?1769615602,0.99982,74791312668,5,74915475871,5528567918.0,1.0,0.99973,-5.8789243798874e-05,-0.00588,-22355812.76535034,-0.02988,74804894828.07634,74929080579.47086,,1.043,-4.17883,2018-11-15T00:00:00.000Z,0.877647,13.92513,2023-03-11T08:02:13.981Z,,2026-06-14T03:46:28.199Z
ripple,xrp,XRP,https://coin-images.coingecko.com/coins/images/44/large/xrp-symbol-white-128.png?1696501442,1.15,71491548756,6,115192261644,1002467075.0,1.16,1.13,0.01829299,1.61426,1203213472.0,1.71183,62053900985.0,99985653167.0,100000000000.0,3.65,-68.42064,2025-07-18T03:40:53.808Z,0.00268621,42767.25161,2014-05-22T00:00:00.000Z,,2026-06-14T03:46:27.861Z
solana,sol,Solana,https://coin-images.coingecko.com/coins/images/4128/large/solana.png?1718769756,68.77,39872298596,7,43206075030,1611204941.0,69.36,66.64,1.93,2.88324,1096829026.0,2.82867,579823717.186797,628303556.8807578,,293.31,-76.55523,2025-01-19T11:15:27.957Z,0.500801,13631.25849,2020-05-11T19:35:23.449Z,,2026-06-14T03:46:27.884Z
tron,trx,TRON,https://coin-images.coingecko.com/coins/images/1094/large/photo_2026-04-13_09-59-16.png?1776048311,0.315561,29914785666,8,29915685434,398654951.0,0.318261,0.314933,0.000628,0.19941,64325705.0,0.21549,94826790531.35327,94829642703.95726,,0.431288,-26.83295,2024-12-04T00:10:40.323Z,0.00180434,17388.98145,2017-11-12T00:00:00.000Z,"{'times': 165.0847230206288, 'currency': 'usd', 'percentage': 16508.472302062877}",2026-06-14T03:46:21.942Z
figure-heloc,figr_heloc,Figure Heloc,https://coin-images.coingecko.com/coins/images/68480/large/figure.png?1755863954,1.018,19162760760,9,19162760760,95054.0,1.035,1.018,-0.017380200000000068,-1.67903,-289010902.16747665,-1.48578,18828522477.217,18828522477.217,,1.049,-2.98983,2026-03-09T17:00:25.937Z,0.155357,555.10683,2025-10-31T14:27:24.456Z,,2026-06-14T03:46:25.456Z
dogecoin,doge,Dogecoin,https://coin-images.coingecko.com/coins/images/5/large/dogecoin.png?1696501409,0.087842,13586221721,10,13586225235,574997780.0,0.088641,0.085843,0.00152131,1.7624,243145950.0,1.82226,154651566383.7052,154651606383.7052,,0.731578,-87.99283,2021-05-08T05:08:23.458Z,8.69e-05,100979.47236,2015-05-06T00:00:00.000Z,,2026-06-14T03:46:24.579Z
hyperliquid,hype,Hyperliquid,https://coin-images.coingecko.com/coins/images/50882/large/hyperliquid.jpg?1729431300,60.43,13448238280,11,57754303284,512206423.0,61.13,57.32,1.9,3.2516,431464394.0,3.31468,222445714.0741414,955307079.4341414,1000000000.0,75.48,-19.93545,2026-06-02T03:26:51.695Z,3.81,1486.68474,2024-11-29T09:30:30.871Z,,2026-06-14T03:46:29.597Z
usds,usds,USDS,https://coin-images.coingecko.com/coins/images/39926/large/usds.webp?1726666683,0.999747,10560142161,12,10560625793,14812289.0,0.999843,0.999577,8.62e-06,0.00086,-39658874.293642044,-0.37415,10562916747.18061,10563400505.52396,,1.15,-13.22373,2026-04-02T07:21:14.655Z,0.948265,5.42827,2024-10-03T13:19:28.826Z,,2026-06-14T03:46:24.309Z
leo-token,leo,LEO Token,https://coin-images.coingecko.com/coins/images/8418/large/leo-token.png?1696508607,9.75,8976354470,13,9608766633,619075.0,9.88,9.43,0.156334,1.62909,143860166.0,1.62876,920394818.9,985239504.0,,10.57,-7.74228,2026-05-04T09:45:26.809Z,0.799859,1119.12623,2019-12-24T15:14:35.376Z,,2026-06-14T03:46:26.233Z
rain,rain,Rain,https://coin-images.coingecko.com/coins/images/69134/large/Rain_logo_1_.png?1762952191,0.01303175,8117148984,14,14989884814,42714242.0,0.01305518,0.0129619,-5.795638173361e-06,-0.04445,-1586839.4160308838,-0.01955,622662410412.174,1149866514591.137,1150000000000.0,0.01478538,-11.8374,2026-05-27T18:55:48.614Z,0.00222126,486.83738,2025-09-14T08:56:57.416Z,,2026-06-14T03:46:27.083Z
zcash,zec,Zcash,https://coin-images.coingecko.com/coins/images/486/large/circle-zcash-color.png?1696501740,422.23,7083308894,15,7083440918,339028502.0,427.7,406.92,7.19,1.732,120850089.0,1.73574,16766184.5405448,16766497.0405448,21000000.0,3191.93,-86.77183,2016-10-29T00:00:00.000Z,16.08,2525.81029,2024-07-05T04:22:29.321Z,,2026-06-14T03:46:24.138Z
monero,xmr,Monero,https://coin-images.coingecko.com/coins/images/69/large/monero_logo.png?1696501460,343.49,6438595119,16,6438601089,95805772.0,348.95,335.47,-3.2552699046064504,-0.9388,-67509781.24288464,-1.03764,18764662.8798589,18764680.2798589,,797.73,-56.94154,2026-01-14T19:34:07.049Z,0.216177,158794.27095,2015-01-14T00:00:00.000Z,,2026-06-14T03:46:25.681Z
cardano,ada,Cardano,https://coin-images.coingecko.com/coins/images/975/large/cardano.png?1696502090,0.172773,6432286087,17,7779732845,332686052.0,0.175384,0.169203,0.00232136,1.36188,95493744.0,1.50697,37206017184.44904,45000000000.0,45000000000.0,3.09,-94.40303,2021-09-02T06:00:10.474Z,0.01925275,797.39604,2020-03-13T02:22:55.044Z,,2026-06-14T03:46:26.511Z
stellar,xlm,Stellar,https://coin-images.coingecko.com/coins/images/100/large/fmpFRHHQ_400x400.jpg?1735231350,0.185659,6278674801,18,9298465145,163117946.0,0.1918,0.183918,0.00011389,0.06138,15040944.0,0.24013,33763094675.63471,50001786839.91258,,0.875563,-78.74651,2018-01-03T00:00:00.000Z,0.00047612,38983.92146,2015-03-05T00:00:00.000Z,,2026-06-14T03:46:21.601Z
canton-network,cc,Canton,https://coin-images.coingecko.com/coins/images/70468/large/Canton-Ticker_%281%29.png?1762826299,0.160654,6233550151,19,6233719709,10599205.0,0.164084,0.159232,-0.002332282878726555,-1.43097,-87512268.85086536,-1.38446,38793884472.47117,38794939698.67046,,0.194152,-17.21865,2026-02-03T08:02:08.411Z,0.059024,172.29809,2025-12-06T10:32:09.784Z,,2026-06-14T03:46:27.294Z
whitebit,wbt,WhiteBIT Coin,https://coin-images.coingecko.com/coins/images/27045/large/wbt_token.png?1696526096,52.51,6211850077,20,15449062624,41674301.0,52.7,51.79,0.698,1.34707,81974561.0,1.3373,118289410.0,294189409.0,400000000.0,64.11,-18.08226,2025-12-10T20:16:13.582Z,3.06,1615.19352,2023-02-13T19:01:21.899Z,,2026-06-14T03:46:23.035Z
chainlink,link,Chainlink,https://coin-images.coingecko.com/coins/images/877/large/Chainlink_Logo_500.png?1760023405,7.95,5783830865,21,7954656993,148223679.0,8.03,7.86,0.070584,0.89568,54845401.0,0.95733,727099970.4255477,1000000000.0,1000000000.0,52.7,-84.91146,2021-05-10T00:13:57.214Z,0.148183,5265.75485,2017-11-29T00:00:00.000Z,,2026-06-14T03:46:26.488Z
the-open-network,ton,Toncoin,https://coin-images.coingecko.com/coins/images/17980/large/photo_2024-09-10_17.09.00.jpeg?1725963446,1.71,4570019321,22,8865764890,145237093.0,1.76,1.67,0.0282222,1.6822,73314745.0,1.63041,2678808414.164536,5196845771.853193,,8.25,-79.34218,2024-06-15T00:36:51.509Z,0.519364,228.28925,2021-09-21T00:33:11.092Z,,2026-06-14T03:46:28.828Z
ethena-usde,usde,Ethena USDe,https://coin-images.coingecko.com/coins/images/33613/large/usde.png?1733810059,0.999755,4486052111,23,4486052111,89883860.0,0.999762,0.999308,7.171e-05,0.00717,1035851.0,0.0231,4487149228.891866,4487149228.891866,,1.034,-3.31389,2025-12-09T17:10:12.652Z,0.929486,7.56025,2024-10-04T07:57:15.809Z,,2026-06-14T03:46:31.524Z
usd1-wlfi,usd1,USD1,https://coin-images.coingecko.com/coins/images/54977/large/USD1_1000x1000_transparent.png?1749297002,1.001,4364381394,24,4368399155,675634440.0,1.001,0.999787,0.00042622,0.04262,33692592.0,0.778,4362167050.565371,4366182773.565371,,1.025,-2.3724,2025-05-12T12:36:39.412Z,0.989633,1.09943,2025-10-01T08:51:32.103Z,,2026-06-14T03:46:25.146Z
dai,dai,Dai,https://coin-images.coingecko.com/coins/images/9956/large/Badge_Dai.png?1696509996,0.999692,4196612113,25,4196406778,72511841.0,0.999939,0.999561,-8.8807873054098e-05,-0.00888,4546806.0,0.10846,4197903929.118157,4197698530.412645,,1.22,-17.9703,2020-03-13T03:02:50.373Z,0.88196,13.37082,2023-03-11T07:50:50.514Z,,2026-06-14T03:46:26.481Z
bitcoin-cash,bch,Bitcoin Cash,https://coin-images.coingecko.com/coins/images/780/large/bitcoin-cash-circle.png?1696501932,208.6,4183889014,26,4183953580,104382333.0,209.25,202.11,6.27,3.09817,127797737.0,3.15076,20047578.02165078,20047887.39665078,21000000.0,3785.82,-94.49,2017-12-20T00:00:00.000Z,76.93,171.137,2018-12-16T00:00:00.000Z,,2026-06-14T03:46:27.993Z
memecore,m,MemeCore,https://coin-images.coingecko.com/coins/images/53247/large/square-bg-transparent.png?1752637478,3.05,3996862964,27,16382207070,5706665.0,3.05,2.9,0.098469,3.34177,127331698.0,3.29062,1312560041.361367,5379876813.868593,10000000000.0,4.82,-36.98615,2026-04-24T01:10:07.284Z,0.04746135,6296.59857,2025-07-04T03:56:17.448Z,,2026-06-14T03:46:26.294Z
litecoin,ltc,Litecoin,https://coin-images.coingecko.com/coins/images/2/large/litecoin.png?1696501400,44.33,3426287222,28,3426661082,208295203.0,44.57,43.08,1.013,2.33747,79864700.0,2.38657,77269264.48347135,77277695.73347135,84000000.0,410.26,-89.1904,2021-05-10T03:13:07.904Z,1.15,3760.18595,2015-01-14T00:00:00.000Z,,2026-06-14T03:46:31.652Z
hedera-hashgraph,hbar,Hedera,https://coin-images.coingecko.com/coins/images/3688/large/hbar.png?1696504364,0.078272,3394903010,29,3913592422,44720400.0,0.078916,0.076926,0.00053763,0.69162,22498383.0,0.66713,43373231600.98028,50000000000.0,50000000000.0,0.569229,-86.24285,2021-09-15T10:40:28.318Z,0.00986111,694.12612,2020-01-02T17:30:24.852Z,,2026-06-14T03:46:23.880Z
sui,sui,Sui,https://coin-images.coingecko.com/coins/images/26375/large/sui-ocean-square.png?1727791290,0.766886,3089624063,30,7668089141,300671935.0,0.773833,0.748368,0.01648991,2.1975,65587364.0,2.16887,4029196852.454399,10000000000.0,10000000000.0,5.35,-85.65649,2025-01-04T22:56:18.063Z,0.364846,110.19416,2023-10-19T10:40:30.078Z,,2026-06-14T03:46:23.607Z
hashnote-usyc,usyc,Circle USYC,https://coin-images.coingecko.com/coins/images/51054/large/Hashnote_SDYC_200x200.png?1730370965,1.13,3007900705,31,3007900705,562932.0,,,,,,,2671639466.20614,2671639466.20614,,1.13,-0.0868,2026-05-30T16:21:04.142Z,1.026,9.72226,2024-12-05T22:31:20.475Z,,2026-06-04T17:58:24.894Z
shiba-inu,shib,Shiba Inu,https://coin-images.coingecko.com/coins/images/11939/large/shiba.png?1696511800,5.01e-06,2953028342,32,2954314565,86064113.0,5.07e-06,4.86e-06,1.39155e-07,2.85593,82665738.0,2.87998,589243195906196.8,589499847110164.0,,8.616e-05,-94.18325,2021-10-28T03:54:55.568Z,5.6366e-11,8891084.96459,2020-11-28T11:26:25.838Z,,2026-06-14T03:46:29.650Z
lab,lab,LAB,https://coin-images.coingecko.com/coins/images/70014/large/lab.png?1760352822,9.38,2930165109,33,9375242937,22330594.0,10.32,9.21,-0.314572109301011,-3.24512,-110518977.0744133,-3.63467,312542846.0,1000000000.0,1000000000.0,27.3,-65.65235,2026-06-02T21:05:47.499Z,0.074235,12531.79947,2025-12-02T03:30:39.644Z,,2026-06-14T03:46:26.060Z
avalanche-2,avax,Avalanche,https://coin-images.coingecko.com/coins/images/12559/large/Avalanche_Circle_RedWhite_Trans.png?1696512369,6.71,2896560037,34,3109013502,116414925.0,6.76,6.57,0.114593,1.73865,51534442.0,1.81139,431771961.1772119,463441061.1772119,720000000.0,144.96,-95.37061,2021-11-21T14:18:56.538Z,2.8,139.58092,2020-12-31T13:15:21.540Z,,2026-06-14T03:46:29.800Z
paypal-usd,pyusd,PayPal USD,https://coin-images.coingecko.com/coins/images/31212/large/PYUSD_Token_Logo_2x.png?1765987788,0.999934,2773413544,35,2773413544,29312235.0,1.0,0.99967,7.187e-05,0.00719,-4968014.172083855,-0.17881,2773893209.354034,2773893209.354034,,1.081,-7.49772,2026-04-02T07:35:31.426Z,0.959426,4.20892,2024-12-05T22:31:13.430Z,,2026-06-14T03:46:23.244Z
near,near,NEAR Protocol,https://coin-images.coingecko.com/coins/images/10365/large/near.jpg?1696510367,2.13,2766851178,36,2766851172,322431644.0,2.17,1.99,0.11317,5.61867,152470112.0,5.83198,1298147265.0,1298147262.0,,20.44,-89.56769,2022-01-16T22:09:45.873Z,0.526762,304.76852,2020-11-04T16:09:15.137Z,,2026-06-14T03:46:24.126Z
crypto-com-chain,cro,Cronos,https://coin-images.coingecko.com/coins/images/7310/large/cro_token_logo.png?1696507599,0.060552,2715436024,37,5977206365,8517230.0,0.060579,0.059453,0.00072923,1.21898,31979413.0,1.19172,44844212951.55355,98710893097.88904,100000000000.0,0.891544,-93.20735,2021-11-24T00:00:00.000Z,0.0121196,399.68259,2019-02-08T00:00:00.000Z,,2026-06-14T03:46:26.219Z
global-dollar,usdg,Global Dollar,https://coin-images.coingecko.com/coins/images/51281/large/GDN_USDG_Token_200x200.png?1730484111,0.999941,2641264640,38,2641264640,30345261.0,1.0,0.999397,2.809e-05,0.00281,-63421.2227230072,-0.0024,2641559220.993756,2641559220.993756,,1.65,-39.55745,2025-01-30T00:11:05.728Z,0.907561,10.18888,2024-11-11T23:55:50.604Z,,2026-06-14T03:46:24.347Z
bittensor,tao,Bittensor,https://coin-images.coingecko.com/coins/images/28452/large/ARUsPeNQ_400x400.jpeg?1696527447,273.21,2624289870,39,5742134822,601719539.0,275.71,214.18,56.99,26.35837,547197141.0,26.34438,9597491.0,21000000.0,21000000.0,757.6,-63.69582,2024-03-07T18:45:36.466Z,30.83,792.12624,2023-05-14T08:57:53.732Z,,2026-06-14T03:46:22.838Z
tether-gold,xaut,Tether Gold,https://coin-images.coingecko.com/coins/images/10481/large/logo.png?1774627372,4211.89,2581154866,40,2980963331,144439336.0,4213.53,4197.82,14.07,0.33522,8858526.0,0.34438,612823.654532,707747.089,,5504.62,-23.4835,2026-01-29T00:00:00.000Z,1447.84,190.91168,2020-03-19T13:45:41.821Z,,2026-06-14T03:46:27.885Z
blackrock-usd-institutional-digital-liquidity-fund,buidl,BlackRock USD Institutional Digital Liquidity Fund,https://coin-images.coingecko.com/coins/images/36291/large/blackrock.png?1711013223,1.0,2382859933,41,2382859933,0.0,1.0,1.0,0.0,0.0,0.0,0.0,2382859933.170449,2382859933.170449,,1.0,0.0,2025-02-12T05:00:10.912Z,1.0,0.0,2025-02-12T05:45:10.196Z,,2026-06-14T03:40:39.792Z
ondo-us-dollar-yield,usdy,Ondo US Dollar Yield,https://coin-images.coingecko.com/coins/images/31700/large/usdy_%281%29.png?1696530524,1.13,2138134548,42,2138134548,4150838.0,1.14,1.12,-0.004302346841690285,-0.37965,-16151140.01589322,-0.74972,1892862515.164264,1892862515.164264,,1.26,-10.44617,2024-03-27T05:24:08.110Z,0.934184,21.07961,2024-01-14T11:40:50.825Z,,2026-06-14T03:46:23.241Z
audiera,beat,Audiera,https://coin-images.coingecko.com/coins/images/70428/large/audiera.png?1761964064,6.97,2033929361,43,7061846070,101007606.0,9.45,6.99,-0.933170079040047,-11.8087,-240949351.65611935,-10.59174,288016666.0,1000000000.0,1000000000.0,10.99,-35.68032,2026-06-12T17:05:48.421Z,0.067925,10306.39724,2025-11-02T03:31:34.370Z,,2026-06-14T03:46:32.146Z
pax-gold,paxg,PAX Gold,https://coin-images.coingecko.com/coins/images/9519/large/paxgold.png?1696509604,4220.95,1928529963,44,1928529963,49205948.0,4225.9,4207.06,13.89,0.33011,6374503.0,0.33163,456894.511,456894.511,,5619.09,-24.87728,2026-01-29T06:30:56.612Z,1399.64,201.5925,2019-11-18T03:09:35.959Z,,2026-06-14T03:46:26.387Z
world-liberty-financial,wlfi,World Liberty Financial,https://coin-images.coingecko.com/coins/images/50767/large/wlfi.png?1756438915,0.058687,1864696893,45,5868627327,26350329.0,0.059908,0.05852,-0.000765092294988182,-1.28691,-35474914.82857752,-1.86693,31773987151.0,100000000000.0,100000000000.0,0.331336,-82.28778,2025-09-01T12:20:09.597Z,0.051632,13.66316,2026-05-02T06:24:04.639Z,,2026-06-14T03:46:24.332Z
mantle,mnt,Mantle,https://coin-images.coingecko.com/coins/images/30980/large/MNT_Token_Logo.png?1765516974,0.554779,1832012262,46,3450287379,14636616.0,0.557318,0.537476,0.01701979,3.16495,56420019.0,3.17753,3302294382.53684,6219316794.889999,6219316794.89,2.86,-80.56394,2025-10-09T01:04:46.659Z,0.307978,80.17889,2023-10-18T02:50:46.942Z,,2026-06-14T03:46:30.707Z
ondo-finance,ondo,Ondo,https://coin-images.coingecko.com/coins/images/26580/large/ONDO.png?1696525656,0.360834,1757491448,47,3609308087,94209816.0,0.3739,0.353231,0.00559682,1.57552,27471957.0,1.58796,4869330647.0,10000000000.0,10000000000.0,2.14,-83.13983,2024-12-16T00:36:00.777Z,0.082171,339.12586,2024-01-18T12:14:30.524Z,,2026-06-14T03:46:22.880Z
worldcoin-wld,wld,Worldcoin,https://coin-images.coingecko.com/coins/images/31069/large/worldcoin.jpeg?1696529903,0.50316,1711141587,48,5032879815,717320023.0,0.531306,0.469728,0.02511509,5.25371,89154328.0,5.49661,3399925389.2442,10000000000.0,10000000000.0,11.74,-95.70343,2024-03-10T00:10:42.330Z,0.230306,119.0319,2026-05-18T15:06:03.669Z,,2026-06-14T03:46:23.404Z
aster-2,aster,Aster,https://coin-images.coingecko.com/coins/images/69040/large/_ASTER.png?1757326782,0.635222,1701766394,49,4972093756,64524373.0,0.642008,0.632202,0.00219495,0.34674,6911988.0,0.40782,2677260279.249776,7822218820.515041,8000000000.0,2.41,-73.62842,2025-09-24T11:18:14.634Z,0.099713,537.04704,2025-09-17T12:05:36.771Z,,2026-06-14T03:46:25.958Z
polkadot,dot,Polkadot,https://coin-images.coingecko.com/coins/images/12171/large/polkadot.jpg?1766533446,0.976081,1648159194,50,1648165049,92982366.0,0.993074,0.96302,0.00823046,0.85039,14319959.0,0.87646,1688547470.810108,1688553468.477721,2100000000.0,54.98,-98.22365,2021-11-04T14:10:09.301Z,0.892875,9.37887,2026-06-06T05:05:21.076Z,,2026-06-14T03:46:22.385Z
ripple-usd,rlusd,Ripple USD,https://coin-images.coingecko.com/coins/images/39651/large/RLUSD_200x200_%281%29.png?1727376633,0.999656,1639194358,51,1639194358,36737640.0,1.0,0.999301,-0.000421655013140065,-0.04216,485369.0,0.02962,1638895321.436209,1638895321.436209,,1.073,-6.7831,2024-12-26T10:45:52.337Z,0.962292,3.92352,2024-12-18T04:40:40.880Z,,2026-06-14T03:46:23.976Z
uniswap,uni,Uniswap,https://coin-images.coingecko.com/coins/images/12504/large/uniswap-logo.png?1720676669,2.55,1585922523,52,2279704481,88997745.0,2.58,2.48,0.04769287,1.90723,30130000.0,1.93663,622075561.5538775,894210420.0329479,1000000000.0,44.92,-94.32204,2021-05-03T05:25:04.822Z,1.03,147.57363,2020-09-17T01:20:38.214Z,,2026-06-14T03:46:25.097Z
okb,okb,OKB,https://coin-images.coingecko.com/coins/images/4463/large/WeChat_Image_20220118095654.png?1696505053,75.0,1574969748,53,1574969748,8726990.0,75.48,73.98,-0.41679463407966466,-0.55267,-10317678.940823317,-0.65084,21000000.0,21000000.0,21000000.0,228.74,-67.19336,2025-10-05T00:00:00.000Z,0.580608,12824.67694,2019-01-14T00:00:00.000Z,,2026-06-14T03:46:29.532Z
htx-dao,htx,HTX DAO,https://coin-images.coingecko.com/coins/images/35491/large/Frame_1321318576.png?1708908626,1.68e-06,1521998678,54,1521998678,66358095.0,1.7e-06,1.68e-06,-1.1152213484e-08,-0.65933,-10219191.453392982,-0.66695,905707664073577.8,905707664073577.8,999990000000000.0,3.75e-06,-55.19945,2024-12-04T00:16:20.770Z,8.00816e-07,109.87233,2024-08-05T13:31:33.427Z,,2026-06-14T03:46:24.051Z
falcon-finance,usdf,Falcon USD,https://coin-images.coingecko.com/coins/images/54558/large/ff_200_X_200.png?1740741076,0.995289,1460403080,55,1460403080,678258.0,0.996736,0.994997,-0.000252217485391282,-0.02533,-352889.0239453316,-0.02416,1467315345.707553,1467315345.707553,,1.075,-7.37508,2025-05-08T21:25:42.071Z,0.943422,5.50217,2025-07-08T10:16:34.749Z,,2026-06-14T03:46:24.677Z
pi-network,pi,Pi Network,https://coin-images.coingecko.com/coins/images/54342/large/pi_network.jpg?1739347576,0.135314,1453603534,56,2236313129,13301435.0,0.137747,0.126998,0.00811678,6.38123,87690740.0,6.41994,10741930368.05062,16526046720.07787,100000000000.0,2.99,-95.46724,2025-02-26T16:41:03.732Z,0.118869,13.92503,2026-06-06T05:05:45.511Z,,2026-06-14T03:46:25.494Z
usdd,usdd,USDD,https://coin-images.coingecko.com/coins/images/25380/large/UUSD.jpg?1696524513,0.999553,1364910392,57,1365439601,52368109.0,0.999764,0.999243,-7.1713426549214e-05,-0.00717,6044341.0,0.44481,1365509489.0,1366038930.0,,1.052,-4.94987,2023-10-23T22:45:25.398Z,0.928067,7.72449,2022-06-19T16:15:11.558Z,,2026-06-14T03:46:22.680Z
internet-computer,icp,Internet Computer,https://coin-images.coingecko.com/coins/images/14495/large/Internet_Computer_logo.png?1696514180,2.42,1340921545,58,1340921554,114048987.0,2.61,2.34,0.083128,3.55239,45838152.0,3.5394,553435896.0723512,553435899.9609771,,700.65,-99.65392,2021-05-10T16:05:53.653Z,2.02,20.12677,2026-02-24T05:35:51.591Z,,2026-06-14T03:46:22.876Z
bfusd,bfusd,BFUSD,https://coin-images.coingecko.com/coins/images/68227/large/bfusd.png?1755132827,0.9993,1318812237,59,1318812237,1173884.0,0.999345,0.998802,0.00019976,0.01999,-110268.28491568565,-0.00836,1320000000.0,1320000000.0,,1.007,-0.75721,2025-10-10T21:40:40.468Z,0.997035,0.22719,2026-01-24T07:41:41.188Z,,2026-06-14T03:46:25.389Z
sky,sky,Sky,https://coin-images.coingecko.com/coins/images/39925/large/sky.jpg?1724827980,0.056464,1314630493,60,1325485802,6405784.0,0.056672,0.055654,0.00017982,0.31948,4887496.0,0.37316,23270513339.735966,23462665147.36596,23462665147.3,0.100535,-43.8009,2024-12-04T10:13:57.264Z,0.03582727,57.7008,2025-02-03T05:01:48.626Z,,2026-06-14T03:46:24.114Z
morpho,morpho,Morpho,https://coin-images.coingecko.com/coins/images/29837/large/Morpho-token-icon.png?1726771230,1.94,1256261372,61,1943417323,10483768.0,2.01,1.93,-0.03458701080322335,-1.74872,-21551997.39231348,-1.68663,646418737.0691413,1000000000.0,1000000000.0,4.17,-53.40249,2025-01-17T12:46:19.818Z,0.713151,172.50868,2024-11-25T01:55:43.353Z,,2026-06-14T03:46:23.467Z
bitget-token,bgb,Bitget Token,https://coin-images.coingecko.com/coins/images/11610/large/Bitget_logo.png?1736925727,1.79,1254545829,62,1637973891,12135041.0,1.8,1.78,0.00439054,0.24558,3138245.0,0.25078,699992029.6481038,913931274.6481038,2000000000.0,8.45,-78.78886,2024-12-27T11:41:24.992Z,0.0142795,12452.32983,2020-06-25T04:17:05.895Z,,2026-06-14T03:46:21.737Z
pepe,pepe,Pepe,https://coin-images.coingecko.com/coins/images/29850/large/pepe-token.jpeg?1696528776,2.84e-06,1195764394,63,1195764394,153099443.0,2.87e-06,2.79e-06,2.9303e-08,1.04162,11946216.0,1.00913,420690000000000.0,420690000000000.0,420690000000000.0,2.803e-05,-89.8585,2024-12-09T16:30:35.828Z,5.5142e-08,5054.79518,2023-04-18T02:14:41.591Z,,2026-06-14T03:46:29.658Z
ethereum-classic,etc,Ethereum Classic,https://coin-images.coingecko.com/coins/images/453/large/ethereum-classic-logo.png?1696501717,7.16,1120191534,64,1120191534,25054543.0,7.23,7.11,0.00436778,0.06108,562273.0,0.05022,156559601.6228963,156559601.6228963,210700000.0,167.09,-95.71773,2021-05-06T18:34:22.133Z,0.615038,1063.35034,2016-07-25T00:00:00.000Z,"{'times': 14.90009347604699, 'currency': 'usd', 'percentage': 1490.009347604699}",2026-06-14T03:46:28.382Z
aave,aave,Aave,https://coin-images.coingecko.com/coins/images/12645/large/aave-token-round.png?1720472354,67.03,1018371166,65,1073388225,110586971.0,67.61,64.99,1.78,2.72185,29532050.0,2.98654,15179911.874935383,16000000.0,16000000.0,661.69,-89.85709,2021-05-18T21:19:59.514Z,26.02,157.90362,2020-11-05T09:20:11.928Z,,2026-06-14T03:46:22.206Z
cosmos,atom,Cosmos Hub,https://coin-images.coingecko.com/coins/images/1481/large/cosmos_hub.png?1696502525,1.95,1002848649,66,1002862634,27746048.0,2.01,1.94,-0.04599160941927738,-2.30268,-23837100.633059382,-2.32175,513934950.506567,513942117.355461,,43.84,-95.54537,2021-09-20T00:00:00.000Z,1.16,68.36585,2020-03-13T02:27:44.591Z,"{'times': 18.51314359961856, 'currency': 'usd', 'percentage': 1851.314359961856}",2026-06-14T03:46:22.248Z
quant-network,qnt,Quant,https://coin-images.coingecko.com/coins/images/3370/large/5ZOu7brX_400x400.jpg?1696504070,68.87,1001655129,67,1006360099,8034047.0,68.95,66.24,2.6,3.92357,37873742.0,3.9297,14544176.164081175,14612493.0,14612493.0,427.42,-83.88954,2021-09-11T09:15:00.668Z,0.215773,31812.98819,2018-08-23T00:00:00.000Z,"{'times': 16.633098761373915, 'currency': 'eth', 'percentage': 1663.3098761373915}",2026-06-14T03:46:23.969Z
united-stables,u,United Stables,https://coin-images.coingecko.com/coins/images/71157/large/united-stables-logo.jpg?1766061640,1.0,1000057630,68,1000057630,3903432.0,1.0,0.9999,-1.86769734345e-07,-2e-05,-100411.00603806973,-0.01004,999958683.01,999958683.01,,1.008,-0.76207,2026-02-05T21:06:07.908Z,0.968158,3.29913,2025-12-21T00:47:20.303Z,,2026-06-14T03:46:26.232Z
blockchain-capital,bcap,Blockchain Capital,https://coin-images.coingecko.com/coins/images/56040/large/bcap_logo_200.png?1748088291,106.96,974631393,69,974631393,0.0,106.96,106.96,0.0,0.0,0.0,0.0,9112111.0,9112111.0,,107.16,-0.18664,2026-05-26T04:00:05.176Z,17.76,502.25225,2025-06-02T20:50:02.462Z,,2026-06-14T03:40:56.962Z
eutbl,eutbl,Spiko EU T-Bills Money Market Fund,https://coin-images.coingecko.com/coins/images/39657/large/EUTBL.png?1723517425,1.22,971507593,70,971507593,0.0,1.22,1.22,-0.000473805672019711,-0.03887,-377789.706276536,-0.03887,797351590.7202,797351590.7202,,1.26,-3.37817,2026-01-27T21:00:08.465Z,1.011,20.52364,2024-08-15T09:45:23.684Z,,2026-06-14T03:41:09.942Z
superstate-short-duration-us-government-securities-fund-ustb,ustb,Invesco Short Duration US Government Securities Fund,https://coin-images.coingecko.com/coins/images/35012/large/Invesco_icon_lg.png?1780816895,11.11,949006072,71,949006072,0.0,11.11,11.11,0.0,0.0,498130.0,0.05252,85405897.000207,85405897.000207,,11.11,0.0,2026-06-12T13:20:05.089Z,10.29,7.97766,2025-02-26T09:55:09.261Z,,2026-06-14T03:45:18.068Z
kucoin-shares,kcs,KuCoin,https://coin-images.coingecko.com/coins/images/1047/large/sa9z79.png?1696502152,6.97,939136896,72,991444836,1976875.0,6.98,6.69,0.277138,4.13941,38163850.0,4.23585,134655021.7355671,142155021.7355671,,28.83,-75.80491,2021-12-01T15:09:35.541Z,0.342863,1934.46191,2019-02-07T00:00:00.000Z,,2026-06-14T03:46:28.987Z
render-token,render,Render,https://coin-images.coingecko.com/coins/images/11636/large/rndr.png?1696511529,1.77,918980555,73,945128967,75341740.0,1.81,1.66,0.103051,6.17628,53370910.0,6.1657,518743261.0140742,533503434.2940742,644245094.0,13.53,-86.90204,2024-03-17T16:30:24.636Z,0.03665669,4736.13846,2020-06-16T13:22:25.900Z,,2026-06-14T03:46:21.852Z
usdtb,usdtb,USDtb,https://coin-images.coingecko.com/coins/images/52804/large/76357aa8-4ef7-446c-bad3-a3f944eeec7a.jpeg?1758277468,1.0,916206875,74,916206875,345319.0,1.0,0.999682,0.00014519,0.01452,155154.0,0.01694,916050745.1061826,916050745.1061826,,1.057,-5.37974,2025-09-20T13:20:33.315Z,0.900502,11.06596,2025-07-17T08:05:52.672Z,,2026-06-14T03:46:24.516Z
kaspa,kas,Kaspa,https://coin-images.coingecko.com/coins/images/25751/large/kaspa-icon-exchanges.png?1696524837,0.03152285,866670108,75,867060348,7704896.0,0.0317516,0.03080308,0.00061347,1.98474,16977189.0,1.99804,27495108539.94101,27507488882.00462,28704026601.0,0.207411,-84.81637,2024-08-01T00:40:47.164Z,0.00017105,18311.34223,2022-05-26T14:42:59.316Z,,2026-06-14T03:46:23.383Z
janus-henderson-anemoy-treasury-fund,jtrsy,Janus Henderson Anemoy Treasury Fund,https://coin-images.coingecko.com/coins/images/70445/large/JTRSY.png?1762078582,1.11,865998121,76,865998121,0.0,1.11,1.11,0.0,0.0,0.0,0.0,782845097.991187,782845097.991187,,1.11,0.0,2026-06-12T08:00:20.340Z,1.085,1.97719,2025-11-13T04:05:05.827Z,,2026-06-14T03:45:28.872Z
stable-2,stable,​​Stable,https://coin-images.coingecko.com/coins/images/69242/large/stable-logotype-framed-square-light.png?1762753913,0.03664397,865637896,77,3671895036,14502414.0,0.03723791,0.03577925,0.00056225,1.55826,16562659.0,1.95067,23574690672.0,100000000000.0,100000000000.0,0.04267238,-13.98041,2026-05-14T23:25:26.430Z,0.0092214,298.05906,2025-12-24T05:49:32.232Z,,2026-06-14T03:46:25.739Z
dexe,dexe,DeXe,https://coin-images.coingecko.com/coins/images/12713/large/DEXE_token_logo.png?1696512514,18.07,845843070,78,1746027417,84555540.0,19.43,16.03,-0.7478042006509753,-3.97322,-30540233.827031612,-3.4848,46750552.58384035,96504599.33609451,,32.38,-44.49782,2021-03-08T13:29:57.935Z,0.671563,2576.16381,2020-11-06T19:31:40.144Z,,2026-06-14T03:46:22.112Z
algorand,algo,Algorand,https://coin-images.coingecko.com/coins/images/4380/large/download.png?1696504978,0.091995,821064480,79,821072420,38045494.0,0.093437,0.086685,0.00530491,6.1194,46383846.0,5.98748,8925101138.033785,8925187443.836527,10000000000.0,3.56,-97.4245,2019-06-20T14:51:19.480Z,0.080092,14.51444,2026-03-29T22:50:15.756Z,"{'times': -0.961668759295917, 'currency': 'usd', 'percentage': -96.1668759295917}",2026-06-14T03:46:24.669Z
polygon-ecosystem-token,pol,POL (ex-MATIC),https://coin-images.coingecko.com/coins/images/32440/large/pol.png?1759114181,0.075856,808227503,80,808227503,27229554.0,0.076354,0.074453,0.00090454,1.20682,12024756.0,1.51026,10660759563.06341,10660759563.06341,,1.29,-94.11143,2024-03-13T18:55:06.692Z,0.071288,6.35579,2026-06-05T19:10:45.870Z,,2026-06-14T03:46:23.429Z
nexo,nexo,NEXO,https://coin-images.coingecko.com/coins/images/3695/large/CG-nexo-token-200x200_2x.png?1730414360,0.800713,800712983,81,800712983,4025939.0,0.808178,0.790744,2.212e-05,0.00276,79010.0,0.00987,1000000000.0,1000000000.0,1000000000.0,4.07,-80.30084,2021-05-12T14:37:47.535Z,0.04515276,1674.76594,2018-09-13T00:00:00.000Z,"{'times': 7.007129832843474, 'currency': 'usd', 'percentage': 700.7129832843474}",2026-06-14T03:46:25.667Z
ethena,ena,Ethena,https://coin-images.coingecko.com/coins/images/36530/large/ethena.png?1711701436,0.083996,781382438,82,1261141796,152391773.0,0.086367,0.077181,0.00658177,8.50202,62026511.0,8.62251,9293750000.0,15000000000.0,15000000000.0,1.52,-94.46227,2024-04-11T13:15:15.057Z,0.07049,19.2322,2026-06-10T22:20:47.674Z,,2026-06-14T03:46:24.111Z
venice-token,vvv,Venice Token,https://coin-images.coingecko.com/coins/images/54023/large/VVV_Token_Transparent.png?1741856877,16.44,771755540,83,1319627145,104847798.0,17.66,15.99,-0.26955306158446746,-1.61363,-16270809.184729815,-2.06475,46967564.18177585,80309980.88248764,,22.58,-27.2796,2025-01-28T00:06:36.780Z,0.91975,1685.68737,2025-12-01T18:55:48.565Z,,2026-06-14T03:46:24.677Z
gatechain-token,gt,Gate,https://coin-images.coingecko.com/coins/images/8183/large/200X200.png?1735246724,6.75,718605488,84,818627213,2446237.0,6.78,6.55,0.184175,2.80569,19698250.0,2.81844,106483509.17747103,121304804.66747102,142622844.0,25.38,-73.42454,2025-01-26T00:00:00.000Z,0.25754,2519.1251,2020-03-13T02:18:02.481Z,,2026-06-14T03:46:26.325Z
janus-henderson-anemoy-aaa-clo-fund,jaaa,Janus Henderson Anemoy AAA CLO Fund,https://coin-images.coingecko.com/coins/images/70446/large/jaaa.png?1762078666,1.038,684444125,85,684444125,0.0,1.038,1.038,0.0,0.0,0.0,0.0,659660673.338319,659660673.338319,,1.038,-0.00029,2026-06-11T11:40:12.143Z,1.009,2.78191,2025-12-06T14:10:05.491Z,,2026-06-14T03:40:15.751Z
flare-networks,flr,Flare,https://coin-images.coingecko.com/coins/images/28624/large/FLR-icon200x200.png?1696527609,0.00796652,681258241,86,844251557,3573417.0,0.00801282,0.00780882,9.716e-05,1.23463,8279121.0,1.23022,85523118859.41653,105984811590.7836,,0.150073,-94.69148,2023-01-10T03:14:05.921Z,0.0064918,22.71854,2026-06-06T05:05:42.877Z,,2026-06-14T03:46:23.309Z
bianrensheng,币安人生,币安人生 (BinanceLife),https://coin-images.coingecko.com/coins/images/69848/large/%E5%B8%81%E5%AE%89%E4%BA%BA%E7%94%9F.png?1759839225,0.670918,670989781,87,670989781,8424445.0,0.685571,0.668163,-0.001215192131706733,-0.1808,-2274272.325784087,-0.3378,1000000000.0,1000000000.0,1000000000.0,0.895319,-25.11004,2026-06-07T10:25:46.588Z,0.03843448,1644.53804,2026-03-29T00:45:47.059Z,,2026-06-14T03:46:25.922Z
just,jst,JUST,https://coin-images.coingecko.com/coins/images/11095/large/JUST.jpg?1696511035,0.075398,644180537,88,644180537,27349925.0,0.077693,0.074135,-0.001246009378365345,-1.62572,-10660980.75812924,-1.62802,8543764567.312736,8543764567.312736,9900000000.0,0.193254,-61.02984,2021-04-05T04:34:23.454Z,0.00476275,1481.26077,2020-05-09T06:08:54.872Z,,2026-06-14T03:46:22.311Z
beldex,bdx,Beldex,https://coin-images.coingecko.com/coins/images/5111/large/Beldex.png?1696505631,0.079972,618846859,89,794755123,7070494.0,0.080365,0.076304,0.00366823,4.8074,28549548.0,4.83647,7738283182.402611,9937903244.735584,,0.450785,-82.24807,2018-12-17T00:00:00.000Z,0.00027519,28979.66333,2019-11-01T11:05:12.090Z,"{'times': -0.6801115471583107, 'currency': 'usd', 'percentage': -68.01115471583107}",2026-06-14T03:46:24.280Z
filecoin,fil,Filecoin,https://coin-images.coingecko.com/coins/images/12817/large/filecoin.png?1696512609,0.77469,611805929,90,1517080355,74957118.0,0.796662,0.75669,0.01354058,1.77896,11238743.0,1.87135,789500308.0,1957704807.0,,236.84,-99.67263,2021-04-01T13:29:41.564Z,0.677565,14.43082,2026-06-06T05:05:41.903Z,,2026-06-14T03:46:21.919Z
xdce-crowd-sale,xdc,XDC Network,https://coin-images.coingecko.com/coins/images/2912/large/xdc-icon.png?1696503661,0.03034687,605319483,91,1155174288,7682944.0,0.03064878,0.03017146,3.898e-05,0.12862,840443.0,0.13904,19946688440.0,38065686425.1,,0.192754,-84.25625,2021-08-21T04:39:48.324Z,0.00039532,7576.5328,2019-07-22T00:00:00.000Z,"{'times': 1.4028524252097514, 'currency': 'eth', 'percentage': 140.28524252097515}",2026-06-14T03:46:23.221Z
gho,gho,GHO,https://coin-images.coingecko.com/coins/images/30663/large/gho-token-logo.png?1720517092,0.999256,598556017,92,598556017,966967.0,0.999388,0.998941,0.00013498,0.01351,95914.0,0.01603,599000000.0,599000000.0,,1.03,-2.97391,2024-02-28T17:15:58.387Z,0.917065,8.95796,2023-10-24T04:41:04.568Z,,2026-06-14T03:46:26.173Z
humanity,h,Humanity,https://coin-images.coingecko.com/coins/images/66811/large/H_tokenLogo_original.png?1750581252,0.31862,585010444,93,3205536680,74466515.0,0.324466,0.192799,0.095595,42.86268,180886266.0,44.76007,1825000000.0,10000000000.0,10000000000.0,0.843867,-61.73481,2026-06-02T07:25:24.831Z,0.01810273,1683.74783,2025-06-27T01:20:39.339Z,,2026-06-14T03:46:25.328Z
jupiter-exchange-solana,jup,Jupiter,https://coin-images.coingecko.com/coins/images/34188/large/jup.png?1704266489,0.173047,574957607,94,1188324514,21876272.0,0.176043,0.168431,0.0042288,2.50495,14612975.0,2.60785,3320312968.08,6862435158.391362,10000000000.0,2.0,-91.33958,2024-01-31T15:02:47.304Z,0.135801,27.54672,2026-02-12T18:35:44.925Z,,2026-06-14T03:46:23.736Z
ylds,ylds,YLDS,https://coin-images.coingecko.com/coins/images/66486/large/YLDS.png?1772560579,0.999663,558136049,95,558136049,2387781.0,1.0,0.999578,-0.000139844581651727,-0.01399,5902978.0,1.06893,558324429.49,558324429.49,,1.001,-0.14209,2026-02-13T15:00:58.249Z,0.999202,0.04612,2025-11-16T12:26:29.488Z,,2026-06-14T03:46:25.076Z
aptos,apt,Aptos,https://coin-images.coingecko.com/coins/images/26455/large/Aptos-Network-Symbol-Black-RGB-1x.png?1761789140,0.665644,553778220,96,801689493,51342441.0,0.682985,0.651089,0.01309732,2.00711,11726159.0,2.16329,831789969.2615609,1204159453.956547,2100000000.0,19.92,-96.65855,2023-01-26T14:25:17.390Z,0.609733,9.16895,2026-06-10T22:10:23.967Z,,2026-06-14T03:46:22.796Z
usual-usd,usd0,Usual USD,https://coin-images.coingecko.com/coins/images/38272/large/USD0LOGO.png?1716962811,0.99861,552809077,97,552809077,541587.0,0.998712,0.998487,-5.7739654745093e-05,-0.00578,-32027.019294261932,-0.00579,553578320.837345,553578320.837345,,1.33,-24.66562,2024-07-12T08:28:59.311Z,0.962885,3.72035,2025-04-10T08:30:51.088Z,,2026-06-14T03:46:23.732Z
hash-2,hash,Provenance Blockchain,https://coin-images.coingecko.com/coins/images/66154/large/Hastra_Icon.png?1748497203,0.01005194,544677020,98,955478265,5190.13,0.010168,0.00999343,-1.158497010669e-05,-0.11512,186893.0,0.03432,54143139418.0,94978475357.64638,100000000000.0,0.060147,-83.27439,2025-09-14T16:52:41.627Z,0.00868929,15.77412,2026-06-01T19:35:26.616Z,,2026-06-14T03:46:24.852Z
midnight-3,night,Midnight,https://coin-images.coingecko.com/coins/images/71015/large/midnight.png?1765193080,0.03274821,543082677,99,784829938,82806733.0,0.03507618,0.03132649,-0.002327971238353807,-6.6369,-40518190.01997173,-6.94279,16607399400.63495,24000000000.0,24000000000.0,0.118529,-72.39869,2025-12-09T09:29:38.386Z,0.02378032,37.5741,2025-12-09T09:48:36.670Z,,2026-06-14T03:46:27.214Z
pump-fun,pump,Pump.fun,https://coin-images.coingecko.com/coins/images/67164/large/pump.jpg?1751949376,0.00152601,532355245,100,1312591713,26692645.0,0.00156555,0.00151559,1.042e-05,0.6875,4540612.0,0.86027,348283067051.1,858737604067.0554,1000000000000.0,0.00881908,-82.69654,2025-09-14T16:42:40.248Z,0.00131641,15.9222,2026-06-06T04:36:07.693Z,,2026-06-14T03:46:25.363Z
